{"inputUnits":[34],"outputUnits":4,"inputs":{"0":{"dtype":"number","min":270.08583827325475,"max":284.23660397297226},"1":{"dtype":"number","min":11.611808196843015,"max":81.12368845800208},"2":{"dtype":"number","min":280.43207283837984,"max":295.0013280797888},"3":{"dtype":"number","min":2.302784613001407,"max":68.82155985395346},"4":{"dtype":"number","min":259.0910403305559,"max":274.5445001613327},"5":{"dtype":"number","min":2.4305594223052225,"max":70.14204296684636},"6":{"dtype":"number","min":294.66351960834703,"max":310.7714117990832},"7":{"dtype":"number","min":9.339154635721243,"max":72.2292192544621},"8":{"dtype":"number","min":245.41092959993298,"max":263.2085176285712},"9":{"dtype":"number","min":9.833325837787825,"max":76.3294066787928},"10":{"dtype":"number","min":317.65035008361696,"max":336.5965497052228},"11":{"dtype":"number","min":72.29480289808723,"max":126.0575120119091},"12":{"dtype":"number","min":216.8921305933426,"max":241.62448935109038},"13":{"dtype":"number","min":70.09366160015381,"max":123.61548529730902},"14":{"dtype":"number","min":328.55534603721213,"max":353.943551641691},"15":{"dtype":"number","min":141.65276570162112,"max":205.68681088572123},"16":{"dtype":"number","min":185.73151408115558,"max":226.62379095661245},"17":{"dtype":"number","min":73.83720829240528,"max":216.21926082737497},"18":{"dtype":"number","min":247.47322305601242,"max":347.29168094389615},"19":{"dtype":"number","min":119.53789842988547,"max":268.55194567704524},"20":{"dtype":"number","min":200.66293504503037,"max":291.67312354372257},"21":{"dtype":"number","min":25.508008811906066,"max":288.50913659406217},"22":{"dtype":"number","min":306.6568736769767,"max":325.8092089796159},"23":{"dtype":"number","min":226.52657611095879,"max":294.26900674028},"24":{"dtype":"number","min":243.71430038243938,"max":257.7950188709281},"25":{"dtype":"number","min":230.139202393054,"max":298.7337545205278},"26":{"dtype":"number","min":307.17667072139983,"max":318.3196117259838},"27":{"dtype":"number","min":334.86996448063246,"max":417.93173628243784},"28":{"dtype":"number","min":250.52395528752436,"max":266.6384066754614},"29":{"dtype":"number","min":331.75693088107636,"max":421.6477231626157},"30":{"dtype":"number","min":308.0314865261026,"max":322.4923807185063},"31":{"dtype":"number","min":408.7544009560033,"max":500.69715503595955},"32":{"dtype":"number","min":244.73081116555494,"max":271.52290031923883},"33":{"dtype":"number","min":407.7267259742781,"max":521.1928309985303}},"outputs":{"0":{"dtype":"string","min":0,"max":1,"uniqueValues":["z","x","c","v"],"legend":{"z":[1,0,0,0],"x":[0,1,0,0],"c":[0,0,1,0],"v":[0,0,0,1]}}},"isNormalized":true}